trial,n,p,m,k,n_clusters,spca_err_U_l1,spca_err_U_l2,spca_err_V_l0,spca_err_V_l1,spca_err_V_l2,init_err_U_l1,init_err_U_l2,init_err_V_l0,init_err_V_l1,init_err_V_l2,pca_err_U_l1,pca_err_U_l2,pca_err_V_l0,pca_err_V_l1,pca_err_V_l2,spca_time
0,1000,1000,10,3,30,0.011292343552098042,0.00030104446889746647,47,0.0008552457914819735,7.673594200704071e-05,0.023469595642808816,0.0005379115030670453,50,0.002582399552636731,0.00018902077508492902,0.02480172427890413,0.0005680729716685283,471,0.024415139791052795,0.0005609802342317076,30.065291166305542
