trial,n,p,m,k,n_clusters,spca_err_U_l1,spca_err_U_l2,spca_err_V_l0,spca_err_V_l1,spca_err_V_l2,init_err_U_l1,init_err_U_l2,init_err_V_l0,init_err_V_l1,init_err_V_l2,pca_err_U_l1,pca_err_U_l2,pca_err_V_l0,pca_err_V_l1,pca_err_V_l2,spca_time
0,1000,1000,200,3,30,0.010652048833073139,0.0002747967625607025,94,0.006020233959683562,0.00028123649629074166,0.02443868954587671,0.0005567125121302744,56,0.012074206032232799,0.0006883747382514976,0.023954878118825414,0.0005461411130360791,444,0.02467861594566878,0.0005643544622655869,24.74396586418152
