trial,n,p,m,k,n_clusters,spca_err_U_l1,spca_err_U_l2,spca_err_V_l0,spca_err_V_l1,spca_err_V_l2,init_err_U_l1,init_err_U_l2,init_err_V_l0,init_err_V_l1,init_err_V_l2,pca_err_U_l1,pca_err_U_l2,pca_err_V_l0,pca_err_V_l1,pca_err_V_l2,spca_time
0,1000,1000,100,3,30,0.010271250883372798,0.00027835168576224254,62,0.003342668635779882,0.00020463784826760581,0.023336568100791665,0.0005326606356473335,21,0.0048985042337371795,0.00034510438357636197,0.024454819060226837,0.0005554870040841124,478,0.024644201350379424,0.0005661488170561857,26.76899218559265
