trial,n,p,m,k,n_clusters,spca_err_U_l1,spca_err_U_l2,spca_err_V_l0,spca_err_V_l1,spca_err_V_l2,init_err_U_l1,init_err_U_l2,init_err_V_l0,init_err_V_l1,init_err_V_l2,pca_err_U_l1,pca_err_U_l2,pca_err_V_l0,pca_err_V_l1,pca_err_V_l2,spca_time
0,1000,1000,50,3,30,0.01033285402958726,0.00027829183986323626,49,0.002106302659428397,0.0001530692759352413,0.023440121275979792,0.000532362588168245,31,0.002771177745204856,0.00022255011339300198,0.024976256635103306,0.0005674443090427559,508,0.025057059939030922,0.0005758375812954716,24.144484281539917
